,StreetAddress,MlsId,MlsName,DateListed,Price,Description,Bedrooms,FullBathrooms,Appliances,RoomCount
157,828 BALLARD CANYON RD,16968013,CLAW,2016-01-07 00:00:00,2879000.00,"Meticulously maintained historic 5-acre horse ranch nestled in the wine country of the Santa Ynez Valley combines exquisite craftsmanship with an artful blend of rustic wood, warm stone, and bronze to",4,4,Range Hood,bedrooms
159,6692 WILDLIFE RD,16970871,CLAW,2016-01-20 00:00:00,45000.00,"New Construction Point Dume Rental with coveted Beach Rights available immediately. This amazing, designer perfect, super private/secure home comes fully furnished and is available immediately. Book m",5,6,Built-In BBQ,bedrooms
161,845 Highland Drive,316000525,ITECH,2016-02-04 00:00:00,4699999.00,"Unbelievable custom home in the hills of La Canada Flintridge! The home sits peacefully on a multi-level 40,000+ square foot lot and is extremely private with beautiful views of the mountains. Enterta",6,3,RangeOven,bedrooms
6,27086 MALIBU COVE COLONY DR,16106762,CLAW,2016-03-16 00:00:00,25000.00,Gorgeous oceanfront home with views to Point Dume and direct beach access. This beach house is ideal for entertaining with a kitchen open to a great room and ocean front deck. Possible fourth bedroom ,3,3,Built-Ins,bedrooms
7,36 BREEZE AVE,16109128,CLAW,2016-03-25 00:00:00,6500.00,"his designer, custom architectural remodel on the charming Breeze walk-street is the epitome of luxurious and efficient living. Walls of warm reclaimed wood line the architectural interior, while expa",2,1,Built-Ins,bedrooms
8,31652 BROAD BEACH RD,16114818,CLAW,2016-04-12 00:00:00,5800000.00,"Welcome to an oasis over looking the Pacific Ocean, where crashing waves and vivid sunsets create the quintessential Beach living environment. The controlled access exterior entry sets the tone for th",3,3,Built-Ins,bedrooms
10,11258 Laurie Drive,16115640,CLAW,2016-04-14 00:00:00,798000.00,"NEW PROJECT - SHOVEL READY. *NOTE* This project has Ready To Issue (RTI) PERMITS because the Design Review Board has approved this development, for the Mulholland Scenic Parkway Corridor, in addition ",0,,,
11,28011 PAQUET PL,16118008,CLAW,2016-04-25 00:00:00,6995000.00,"Beautiful estate with panoramic ocean views located in the gated community of Ramirez Canyon. This 5 bed, 5 bath features an open floor plan with natural light and stunning ocean & mountain views thro",5,4,Built-In BBQ,bedrooms
15,32036 PACIFIC COAST HWY,16130744,CLAW,2016-06-02 00:00:00,2450000.00,Build your Malibu dream home! Flat lot on almost one-half acre with pristine ocean views on the ocean side of PCH. Gated and private building site including deeded beach rights to one of the most beau,0,,,
16,888 Blackmore DR,16132084,CLAW,2016-06-05 00:00:00,2888000.00,This approx: 59 ACRE DEVELOPMENT SITE consists of SIX vacant lots. These lots sit on the back and the front side of a hill with a fire road running across the top part of the hill. The largest lot whi,0,,,
21,24808 Woolsey Canyon RD,16134756,CLAW,2016-06-14 00:00:00,1298000.00,"RESIDENTIAL DEVELOPMENT SITE: Consisting of 10 vacant lots on approx: 32 acres, with several BIG FLAT PADS and SWEEPING VALLEY VIEWS of San Fernando Valley, Warner Center and the Mountains. Reports ar",0,,,
23,7350 PACIFIC VIEW DR,16135516,CLAW,2016-06-16 00:00:00,2195000.00,"Perched above a cul-de-sac in the Hollywood Hills, this Dramatic newly constructed home is of the highest quality. Steel, concrete and glass with a clean modern aesthetic and a bright inviting atmosph",3,3,Built-Ins,bedrooms
25,1422 SAN YSIDRO DR,16137056,CLAW,2016-06-22 00:00:00,2035000.00,"Location,location,location. Located on one of BH's premier streets San Ysidro, this home is waiting for its next homeowner to put their magical touch on it. This home has 2 beds and 2 baths with an op",2,2,Range Hood,bedrooms
163,64 North Arroyo Boulevard,316005809,ITECH,2016-06-22 00:00:00,919000.00,"Meticulously maintained light-filled townhouse in the Altos Arroyo complex is looking for its next owner. Main floor features hardwood flooring throughout, living room with vaulted ceilings and firepl",4,2,,bedrooms
164,899 Winston Avenue,316005875,ITECH,2016-06-22 00:00:00,2700000.00,"Located on a quiet street in the desirable San Marino neighborhood, is this charming and cheerful traditional. It boasts 3 beds and 3 baths downstairs, and a private bedroom suite upstairs. Inviting c",4,3,Double Oven,bedrooms
26,6225 GAYTON PL,16137086,CLAW,2016-06-24 00:00:00,3195000.00,This beautiful 4 bedroom/4.5 bath is situated on approximately 1 acre with phenomenal mountain views in a tranquil setting and located in a gated community. The home offers a gourmet kitchen with gran,4,4,Built-In BBQ,bedrooms
28,2317 Dickenson RD,16142180,CLAW,2016-07-11 00:00:00,20000000.00,"An hour outside of Los Angles with country and ocean views of Ojai sits Flying D Ranch. The ultimate ranch - surrounded by a seasonal creek and expansive terrain. Consisting of 1,281 acres and 7 parce",3,2,Built-In BBQ,bedrooms
165,1401 Via Del Rey,316006132,ITECH,2016-07-15 00:00:00,1988000.00,"Mid Century 1970's iconic Charles Wong designed South Pasadena home, filled with original character and charm, situated on a corner lot atop of Via del Rey, overlooking Pasadena, the Rose Bowl and a g",6,4,Built-Ins,bedrooms
29,514 LILLIAN WAY,16142204,CLAW,2016-07-21 00:00:00,1399000.00,"MOTIVATED SELLER! BRING US AN OFFER!! Perfectly situated between the Wilshire Country Club and the Los Angeles Tennis Club, come see this charming Spanish 3-bedroom house with central air and incredib",3,1,Built-In Gas,bedrooms
31,602 PALISADES BEACH RD,16145020,CLAW,2016-07-21 00:00:00,10500000.00,"Incredible opportunity to own this classic French Revival sitting on over 11,000 square feet of beach front land right in the middle of Santa Monica's famed Gold Coast. With 59 feet of beachfront, it ",7,7,,bedrooms
32,4906 MENDOTA AVE,16146358,CLAW,2016-07-22 00:00:00,468300.00,"Amazing investor opportunity in hot, hot Highland Park. This is a Probate sale that requires court confirmation. Cash buyers only. Executor asks that you do not walk on property. No open houses, no sh",2,1,,bedrooms
34,29220 WAGON RD,16148546,CLAW,2016-07-29 00:00:00,2688000.00,"Perched atop a secluded promontory, this inspired contemporary compound is located within the exclusive gated community of Medea Valley Estates, optimally positioned between Malibu and Agoura Hills. O",6,5,Built-In BBQ,bedrooms
168,5215 Vista Miguel Drive,316007195,ITECH,2016-07-29 00:00:00,1848000.00,Quintessential Cape Cod style home located in a prime area of La Canada Flintridge. Fantastic family floor plan with sunlight-filled rooms throughout which flow seamlessly to an inviting veranda and e,4,3,,bedrooms
37,27112 MALIBU COVE COLONY DR,16150318,CLAW,2016-08-05 00:00:00,20000.00,"This sleek and sexy beach house is located on a private guard-gated lane in the center of Malibu. Upon entry, the home immediately introduces you to the Pacific Ocean with a two story entry, walls of ",3,3,Range Hood,bedrooms
38,181 SURFVIEW DR,16150758,CLAW,2016-08-05 00:00:00,10815.00,"Spectacular Contemporary with dramatic and architectural details. Exquisitely updated with fine attention to detail. Ocean view from most rooms, yard and decks. Gorgeous living/media room with bar are",4,3,Built-Ins,bedrooms
39,4960 VANALDEN AVE,16151208,CLAW,2016-08-11 00:00:00,3495000.00,"Designed by noted architect Gus Duffy and situated on approx 3/4's of an acre, this resort like estate defines the meaning of ""compound"". The Casa: Is a single story 4+3.5 home, beautiful in rich wood",7,4,Built-In BBQ,bedrooms
41,7135 HOLLYWOOD,16153228,CLAW,2016-08-15 00:00:00,650000.00,"Hollywood Versailles Towers at it's best! Come see this hip, designer perfect condo in the fabulous, full-service building on Hollywood Boulevard! Bring your toothbrush and move in! This condo has a f",1,2,Built-Ins,bedrooms
171,82 Monterey Lane,316007701,ITECH,2016-08-15 11:31:13,879000.00,"Quaint Sierra Madre Traditional corner lot home on cul-de-sac street. Wonderful open and bright floor plan with 3 bedrooms, 2 bathrooms, and spacious family room that opens to the back yard. This home",3,1,Built-In Electric,bedrooms
42,9640 SIERRA HWY,16154748,CLAW,2016-08-22 00:00:00,12800000.00,"Just 35 miles outside of Los Angeles, Agua Dulce Winery is a breathtaking 90-acre property affording oenophiles the rarity of owning a countryside estate featuring a spacious 5-bedroom residence and t",5,4,RangeOven,bedrooms
45,24014 PARK CASINO,16155556,CLAW,2016-08-22 00:00:00,1719500.00,"Gorgeous home with view of Calabasas golf course, Located in the sought after Las Virgenes School District. Nice and bright with an impressive entryway with skylights that opens into the living room o",4,3,Built-In BBQ,bedrooms
46,1100 N BEVERLY GLEN,16155592,CLAW,2016-08-22 00:00:00,5700.00,"Stunning Contemporary in Beverly Glen. Centrally located near Bel Air, Beverly Hills, Westwood, and Century City. The home has been tastefully updated with top quality finishes. Features hardwood floo",3,2,Range Hood,bedrooms
173,3138 Cloudcrest Road,316007976,ITECH,2016-08-24 00:00:00,850000.00,"Peace, calm and quiet in the hills of La Crescenta, this Traditional-Contemporary home offers what you've been waiting for. Within the last two years this three bedroom,/two bathroom home has been ext",3,2,,bedrooms
47,1016 OAKWOOD AVE,16156574,CLAW,2016-08-26 00:00:00,1450000.00,"AMAZING OPPORTUNITY IN VENICE! Charming beach cottage with 3 bedrooms and one bathroom in main house. Hardwood floors, light and bright, spacious bathroom and laundry inside. Legal back studio with st",3,2,RangeOven,bedrooms
49,200 TOYOPA DR,16157428,CLAW,2016-08-29 00:00:00,20000000.00,"Perched atop the coveted Huntington area of the Pacific Palisades, this oceanside manor is nothing short of presidential - a rare composition of remarkable stonework flush with ivy and backlit by the ",7,5,Built-In BBQ,bedrooms
50,16242 SHADOW MOUNTAIN DR,16157766,CLAW,2016-09-02 00:00:00,10620000.00,Shadow Mountain is an enclave of 46 wonderful estates that enjoy 24 hour live-gated security just minutes from all that Pacific Palisades has to offer. This spectacular property was conceived and cust,8,8,Built-In BBQ,bedrooms
54,10747 WILSHIRE,16158874,CLAW,2016-09-02 00:00:00,720000.00,"Prime Wilshire corridor location! Secure building with a 24 hr. doorman. Light and bright luxury unit, the best bargain on the Wilshire corridor. 2 bdrm/ 2 bath updated condo with plantation shutters ",2,2,Microwave,bedrooms
167,764 Michigan Boulevard,316006757,ITECH,2016-09-02 00:00:00,1898000.00,"The Prairie style architecture of this magnificent home, with its broad eaves, pergola covered porte-cochere and expansive front porch, welcome you home to the tree-shaded parkways and expansive lawns",5,1,,bedrooms
55,11647 BELLAGIO RD,16159656,CLAW,2016-09-06 00:00:00,2400000.00,"Located on one of Bel Air's most coveted streets, this superb property provides an escape from city life to a sanctuary of treetop vistas and glorious views of the Getty Museum and Catalina Island on ",7,5,Built-Ins,bedrooms
170,1406 Wellington Avenue,316007560,ITECH,2016-09-06 00:00:00,1088000.00,"Located in the prestigious Linda Vista neighborhood of Pasadena, this adorable home welcomes you with a beautifully landscaped front yard and charming porch. Cozy living room with fireplace, wood beam",3,2,Oven,bedrooms
174,2388 North Altadena Drive,316008372,ITECH,2016-09-06 00:00:00,1790000.00,House Re-Imagined! It is incredible what can be done for $50K. Come and see the transformation. Canopies of Oaks shelter this one-of-a-kind Rustic Craftsman residence that rests on the banks of Eaton ,6,5,Free Standing Gas,bedrooms
56,316 N SKYEWIAY RD,16159808,CLAW,2016-09-08 00:00:00,3995000.00,"New Construction in the heart of Brentwood. This ""East Coast Beach Cottage"" influenced 5 bedroom, 5 bath home has a flexible open floorplan and works well for daily living and entertaining. The formal",5,3,Built-Ins,bedrooms
57,545 CATALONIA AVE,16160058,CLAW,2016-09-09 00:00:00,2895000.00,"An architectural wonder designed by renowned architect David Kellen, a student of Frank Israel and colleague of Frank Gehry, this neo-modern ranch is perched atop the rolling hills of Pacific Palisade",4,5,Built-Ins,bedrooms
59,21425 Rambla Vista,16161032,CLAW,2016-09-09 00:00:00,450000.00,"This upslope lot in the desirable La Costa area of Malibu is located less than a minute off of PCH and is in close proximity to shopping, schools, and Santa Monica. Enjoy panoramic ocean and whitewate",0,,,
60,7931 ZEUS DR,16161068,CLAW,2016-09-10 00:00:00,7900.00,"4 bedroom + 3.5 bathrooms, 3162 sqft home with pool on a 12,219 sqft lot. Cul-de-sac location, convenient to Sunset Strip, Hollywood and West Hollywood. Spacious Modern Spanish home with city views an",4,3,,bedrooms
61,1900 PETERSON AVE,16161388,CLAW,2016-09-14 00:00:00,2588000.00,"Extraordinary view home located in the award-winning South Pasadena School district. Located minutes to Downtown LA, USC and Caltech. This home showcases stunning views of downtown, mountains & trees.",6,3,Microwave,bedrooms
65,1012 2ND ST,16162540,CLAW,2016-09-14 00:00:00,3488000.00,"Unit #1 is ""Pending"". Just one ocean view townhouse remains available for sale! Coastal contemporary brand new construction- a true labor of love! Direct ocean views from this sleek architectural 3 be",3,1,RangeOven,bedrooms
66,1012 2ND ST,16162570,CLAW,2016-09-14 00:00:00,2895000.00,"Unit #1 is ""Pending"". Just one ocean view townhouse remains available for sale! Architecturally significant turn-of-the-century Victorian cottage meticulously restored and transformed into a modern ma",3,1,Range Hood,bedrooms
63,10501 EASTBORNE AVE,16162304,CLAW,2016-09-15 00:00:00,3248000.00,This impressive modern construction sets the standard in this highly desirable Westwood location. Ideally located in close proximity to the best of what the Westside has to offer. 5 bd 5.5 ba & an ope,5,5,Built-Ins,bedrooms
67,1203 N SWEETZER AVE,16162696,CLAW,2016-09-15 00:00:00,499000.00,"Remodeled, spacious and light 1 bedroom and 1 bathroom condo in the coveted West Hollywood complex. Villa Las Brisas. Large open living room and dining area with private balcony. Remodeled eat-in-kitc",1,1,Built-Ins,bedrooms
72,21844 PACIFIC COAST HWY,16163266,CLAW,2016-09-16 00:00:00,10950000.00,"Meticulously remodeled Carbon Beach jewel. This 3 bedroom, 2 bath home with gated entry and beautiful courtyard leads you to the best location on the beach! Relax and unwind in your private hot tub on",3,2,Built-Ins,bedrooms
176,1990 Hilldale Drive,316008853,ITECH,2016-09-19 00:00:00,899000.00,"Charming hilltop home! Built in 1941, this 3 bedroom 2 bathroom traditional 2 level home has been meticulously maintained by the current owners for the past 25 years and is described as having good bo",3,1,,bedrooms
74,1363 COLTON ST,16163996,CLAW,2016-09-20 00:00:00,2599000.00,"Located in the S Echo Park / Westlake neighborhood, this double lot offers the opportunity to raise 40 residential units over 2 levels of daylight subterranean, with access off both Colton and Douglas",0,,,
76,1310 NAPOLI DR,16164412,CLAW,2016-09-21 00:00:00,6495000.00,"A harmonious union between architecture and nature, this Spanish Villa is set on a half-acre of beautiful land in the desirable Palisades. Originally built in 1923, the home remains true to its Spanis",4,3,Built-In BBQ,bedrooms
73,1301 SEWARD ST,16163826,CLAW,2016-09-22 00:00:00,3500.00,Welcome to WEHO! West Hollywood HARD TO FIND pet friendly 2bd/1bath + bungalow. This very bright and charming bungalow is the main house of a detached duplex. Enjoy the serine front yard with privacy ,2,1,RangeOven,bedrooms
78,928 19TH ST,16164788,CLAW,2016-09-22 00:00:00,6475.00,"Fantastic location! Flexible lease terms- Landlord will consider short, or long term. Just 2 blocks to Montana Avenue shops, cafes and restaurants! Franklin School District! Updated townhouse with 2bd",2,2,Range Hood,bedrooms
80,2445 WALGROVE AVE,16165062,CLAW,2016-09-22 00:00:00,1235000.00,Charming 1920s farmhouse on the border of Mar Vista and Venice. This home was originally built in 1925 in La Canada and was moved to the current address in the 1960s. It exudes a vintage ranch-style c,3,1,Range Hood,bedrooms
178,2454 Oswego Street #201,316009006,ITECH,2016-09-25 00:00:00,728000.00,"Architectural excellence and modern finishes combine seamlessly in this luxurious single level rear unit. Built in 2007, the complex boasts idyllic qualities like lush foliage and curved paver-lined p",3,3,Free Standing Gas,bedrooms
82,0 Ramera Mountainway,16165528,CLAW,2016-09-26 00:00:00,3250000.00,Smashing ocean views from 91 acres in the beautiful Santa Monica Mountains overlooking Malibu and Point Dume. This offering consists of seven contiguous ocean view lots only 2 1/2 miles from Pacific C,0,,,
83,6041 KANAN DUME RD,16165532,CLAW,2016-09-26 00:00:00,2500000.00,"Amazing land offering of almost six acres within 1/2 mile of Pacific Coast Highway. Surrounded by multi-million dollar homes, the property is one of the few left that are able to accommodate multiple ",0,,,
179,2011 Hall Canyon Drive,316009078,ITECH,2016-09-26 00:00:00,3695000.00,"This timeless contemporary Craftsman residence in La Canada, built by C.H. Anderson, was once a grove of deodar pines, transformed into a property fit for entertaining and movement. Renowned architect",4,2,Built-In BBQ,bedrooms
85,1522 AMHERST AVE,16166222,CLAW,2016-09-27 00:00:00,4350.00,Beautifully appointed single level condo in a newer Mediterranean courtyard building. A great open floor plan with 3 bedrooms/2.5 bathrooms and filled with natural sunlight. The chef's kitchen has che,3,2,Microwave,bedrooms
177,1124 East Chestnut Street #39,316008990,ITECH,2016-09-28 00:00:00,2400.00,"Charming townhouse style condo. Spacious, beautifully maintained light filled two bedroom two bath unit with hardwood floors, fireplace, two balconies, in unit washer/dryer and private two car garage.",2,2,Free Standing Gas,bedrooms
79,1425 SYCAMORE AVE,16164958,CLAW,2016-10-03 00:00:00,888000.00,"Located in Northwest Glendale, above Bel Aire Drive, this stylishly remodeled home is sure to delight the most discerning buyer! The gorgeous chef's kitchen is straight out of Restoration Hardware and",3,2,Built-In BBQ,bedrooms
87,901 TEAKWOOD RD,16167440,CLAW,2016-10-03 00:00:00,1998000.00,"Mid-Century modern with gorgeous canyon views. This 2,835 sqft home has 4 bed, 3 baths and is bright and spacious throughout with plenty of room for entertaining. The living room with fireplace has la",4,3,Range Hood,bedrooms
88,429 MONTANA AVE,16167460,CLAW,2016-10-03 00:00:00,1498000.00,"Rare opportunity to purchase this wonderful 3 bed, 2 bath penthouse in a high demand Santa Monica area. Near shops, restaurants, Santa Monica Pier, Promenade, Santa Monica stairs and the beach; this h",3,2,RangeOven,bedrooms
182,4842 Alminar Avenue,316009342,ITECH,2016-10-03 00:00:00,1339000.00,"Welcome to 4842 Alminar Ave., considered a prime location for many in La Canada! Alminar is a quaint tree lined street not far from schools, shopping and restaurants. This cozy and charming 3 bedroom,",3,2,Cooktop - Gas,bedrooms
185,4113 Lanterman Lane,316009368,ITECH,2016-10-03 00:00:00,1195000.00,"Beautiful turn-key traditional in La Canada Flintridge. Fantastic floor plan for entertaining with great indoor-outdoor flow. Large living room/ dining room, cooks kitchen and breakfast nook open to t",4,1,,bedrooms
81,18913 ADOLFO AVE,16165260,CLAW,2016-10-04 00:00:00,865000.00,Welcome to this wonderful small gated community in the heart of Tarzana. Drive up and you are greeted with a stamped driveway and rose bush lined path leading to a beautiful newer 4 bedroom property. ,4,4,Microwave,bedrooms
90,1 W CENTURY DR,16168294,CLAW,2016-10-04 00:00:00,3849000.00,"Live at ""The Century"" and experience the finest in estate-style living with five-star amenities. The prestigious full-service 42-story high rise was designed by Robert A.M. Stern and features all the ",2,2,Built-Ins,bedrooms
91,1 W CENTURY DR,16168406,CLAW,2016-10-04 00:00:00,18500.00,"Live at ""The Century"" and experience the finest in estate-style living with five-star amenities. The prestigious full-service 42-story high rise was designed by Robert A.M. Stern and features all the ",2,2,Built-Ins,bedrooms
183,8258 Owens Street,316009344,ITECH,2016-10-04 00:00:00,549000.00,"Charming traditional home on a nice tree lined street in Sunland. Built in 1953, this 3 bedroom 2 bathroom home has been well maintained and has many recent upgrades including wide plank hardwood floo",3,1,,bedrooms
218,1110 Felbar Avenue,SB16712658MR,CRMLS,2016-10-04 00:00:00,779000.00,"A decorator perfect home in Torrance Gardens awaits: enter this 1,611 sq. ft. gem from a welcoming brick front porch, step into the inviting living room with beautiful wood floors, and take your time ",3,2,RangeOven,bedrooms
93,2041 N COMMONWEALTH AVE,16168832,CLAW,2016-10-05 00:00:00,3095.00,"Welcome to 2041 N Commonwealth. Be the the first to live in this Top-floor Corner unit since the full remodel including new floors, fresh paint, new counter tops and new appliances. A large master wit",2,1,Microwave,bedrooms
95,1101 N KENTER AVE,16169036,CLAW,2016-10-06 00:00:00,1799000.00,Live above the city of lights in the peaceful and desirable Crestwood Hills area of Brentwood. This 3 bed/4 bath architectural home with wonderful canyon and ocean views boasts an open floor plan and ,3,3,Range Hood,bedrooms
96,2765 CASIANO RD,16169094,CLAW,2016-10-06 00:00:00,2249000.00,Come embrace a skillful blend of elements that gives this romantic Mediterranean energy and joy. Tour the thoughtful floorpan that will impress. Many incredible features & fine details make it unique.,5,4,Built-Ins,bedrooms
86,483 CRANE,16167196,CLAW,2016-10-07 00:00:00,599000.00,"Enchanting 1928 Spanish Bungalow high atop Mt. Washington. Perched above street level on a street-to-street lot, this graceful home has been lovingly preserved and is filled with original detail. Feat",2,1,,bedrooms
184,4762 La Canada Boulevard,316009356,ITECH,2016-10-07 00:00:00,2195000.00,"This stunning 1926 Spanish estate sits on nearly 24,000 square feet of flat land and features a detached 1-BR/1-BA GUEST HOUSE. This house combines original character details with a fantastic floor pl",4,2,Cooktop - Gas,bedrooms
99,750 S BUNDY DR,16169676,CLAW,2016-10-08 00:00:00,875000.00,"Located in the heart of Brentwood, minutes from some of the best restaurants, boutiques and farmers markets in Los Angeles, this stylish condo beckons you home. Enjoy a thoughtfully-designed open floo",2,2,Built-Ins,bedrooms
94,2601 PURDUE AVE,16168984,CLAW,2016-10-10 00:00:00,799000.00,"Westside charmer. Coved ceilings, archways, wood floors, fireplace in a step-down living room. This home has been well maintained and upgraded with central heat and A/C, copper plumbing, CA cellar wit",2,1,Range Hood,bedrooms
103,1125 NAPOLI DR,16170438,CLAW,2016-10-12 00:00:00,5995000.00,"This rare single story contemporary is a WOW! In the ""Coastal Modern"" style of its celebrity designer Tim Clarke, interiors include Balinese ceilings, floor to ceiling windows/doors, and a seamless in",5,3,Built-In BBQ,bedrooms
105,235 MAIN ST,16170802,CLAW,2016-10-12 00:00:00,999000.00,"A spacious expertly designed condominium located on Main Street in Venice. Located in close proximity to Whole Foods, Rose Ave, and Venice Beach. This two bedroom two bath recently updated condo boast",2,2,RangeOven,bedrooms
187,526 Venado Vista Drive,316009646,ITECH,2016-10-12 00:00:00,1195000.00,"This 1957 ranch home is located on a quiet cul-de-sac near Paradise Canyon Elementary School and hiking trails. The home offers a large living/great room with high ceilings, fireplace, built-in cabine",3,2,,bedrooms
100,1508 12TH ST,16170084,CLAW,2016-10-13 00:00:00,779000.00,"ATTENTION INVESTORS looking for an updated easy to manage condo with low dues! Tenant in place until NOV 1st 2017 at $3,300 per month. Can be shown with 48hrs notice. Just 12 blocks from the sand? At ",2,2,Built-Ins,bedrooms
101,2317 Dickenson Road,16170236,CLAW,2016-10-13 00:00:00,20000000.00,"An hour outside of Los Angles with country and ocean views of Ojai sits Flying D Ranch. The ultimate ranch - surrounded by a seasonal creek and expansive terrain. Consisting of 1,281 acres and 7 parce",0,,,
188,1320 Loreto Drive,316009693,ITECH,2016-10-14 00:00:00,1126000.00,"Price Reduction! Beautiful 1926 Character Spanish! Located on a peaceful street, this lovely Spanish Colonial is immaculate. Living Room Offers Gleaming Tongue and Groove Hardwood floors and the state",3,2,Built-Ins,bedrooms
189,4439 Alta Canyada Road,316009737,ITECH,2016-10-15 16:59:01,4000.00,Charming 3 BR/ 3 BA home FOR LEASE in the award-winning La Canada Unified School district. The updated kitchen features granite counters and opens to the family room and dining area. Spacious Master B,3,1,,bedrooms
190,330 Cordova Street #312,316009746,ITECH,2016-10-17 00:00:00,599000.00,"Just One and half blocks (5 minute walk) from the Metro Gold Line, this heavily-treed urban oasis is conveniently located near restaurants, shopping, art galleries, Old Pasadena, Paseo, South Lake Ave",2,2,Gas,bedrooms
192,5715 Summit Crest Drive,316009802,ITECH,2016-10-18 00:00:00,1450000.00,"Beautiful property in desirable La Canada/Flintridge. Charming traditional one story house in a beautiful neighborhood, kitchen with breakfast room and convenient and spacious family room, Banquet siz",3,1,Gas/Electric Range,bedrooms
109,610 N Orlando AVE,16172792,CLAW,2016-10-19 00:00:00,3750.00,"Extensively Remodeled Units for Lease in prime and hip WEHO! Modern designer finishes include French Oak laminate flooring throughout, kitchen with stainless steel appliances, caesartone counters and ",1,2,Microwave,bedrooms
112,610 N Orlando AVE,16172880,CLAW,2016-10-19 00:00:00,3750.00,"Extensively Remodeled Units for Lease in prime and hip WEHO! Modern designer finishes include French Oak laminate flooring throughout, a kitchen with stainless steel appliances, caesartone counters an",2,2,Microwave,bedrooms
191,385 South Oakland Avenue #105,316009753,ITECH,2016-10-19 00:00:00,355000.00,"Chic studio located on a wonderful tree-lined street in the heart of Pasadena. Well situated in the sophisticated Oakland Towers, this unit features a double door entry, large picture windows with vie",0,1,RangeOven,bathrooms
193,277 Atchison Street,316009844,ITECH,2016-10-19 21:51:45,3500.00,"Charming home located on a tree lined street. Great curb appeal, mature trees, backyard porch, hardwood floors, living room with a fireplace, nicely remodeled bathrooms, and kitchen, lots of closet sp",4,2,,bedrooms
115,10267 LELIA LN,16173052,CLAW,2016-10-20 00:00:00,1495000.00,"Situated at the end of a quiet canyon lane, this stunning contemporary home offers a tranquil, serene setting. Soaring ceilings, expansive windows, and skylights create tremendous natural light throug",3,3,,bedrooms
116,3632 VALLEY MEADOW RD,16173190,CLAW,2016-10-20 00:00:00,1295000.00,This picturesque mid-century ranch style home on a large quiet lot in coveted Royal Woods is the home you have been waiting for! Open and flowing public areas separated from the private bedroom wing m,3,2,RangeOven,bedrooms
118,32506 PACIFIC COAST HWY,16173320,CLAW,2016-10-20 00:00:00,35000.00,"Stunning beach front property! This remodeled home nestled in the Encinal Bluffs, sits right above the sand on a quiet beach cove. This quintessential Tuscan home features authentic finishes of reclai",3,3,Built-In BBQ,bedrooms
119,6766 PORTSHEAD RD,16173342,CLAW,2016-10-20 00:00:00,35000.00,This magnificent Tuscan home with stunning ocean views sits on over an acre of beautiful landscaped grounds. The property is located in the highly desirable neighborhood of Point Dume with beach keys ,6,5,Built-In BBQ,bedrooms
120,525 N N. CRESCENT HEIGHTS,16173736,CLAW,2016-10-21 00:00:00,3995.00,"Adorable renovated Country English cottage with hardwood floors, two bedrooms, two renovated baths and tons of natural light. Master suite with renovated spa bath with vaulted ceilings and skylight. U",2,1,RangeOven,bedrooms
121,450 N SKYEWIAY RD,16173746,CLAW,2016-10-21 00:00:00,2894000.00,Tucked away on a serene street North of Sunset in one of the most sought after areas of Brentwood is 450 N. Skyewiay. This immaculate and ample traditional home has been meticulously maintained and ri,3,2,Built-In BBQ,bedrooms
122,1023 S BUNDY DR,16173754,CLAW,2016-10-21 00:00:00,2049000.00,"Romantic Spanish Hacienda hidden behind a tall privacy hedge. A true retreat full of old-world charm. 2 bedrooms, 2.5 baths plus a converted garage with office, den and ~ bath. Filled with natural lig",2,1,Built-Ins,bedrooms
194,705 East Palm Avenue,316009913,ITECH,2016-10-21 00:00:00,598000.00,1940's Traditional in desirable NE Monrovia neighborhood within Gold Ribbon School boundry. This 2 bedroom 1 bath home features an open concept living room dining room w/hardwood floors and playroom t,2,1,,bedrooms
110,11166 W SUNSET,16172810,CLAW,2016-10-24 00:00:00,4495000.00,"A magnificent new gated home beautifully situated on a large lot (over 13,000 feet) at the intersection of Bel-Air and Westwood. Convenient and easy access to Westwood Village, Beverly Hills, Brentwoo",5,5,Built-In BBQ,bedrooms
123,11863 DARLINGTON AVE,16173864,CLAW,2016-10-24 00:00:00,1195000.00,"You immediately feel at home when you step into this luxurious 2 bedrooms and 2.5 bath condominium with an open floor plan and designer finishes. The living quarters features bamboo floors, crown mold",2,2,Built-Ins,bedrooms
125,1712 MANZANITA PARK AVE,16174228,CLAW,2016-10-24 00:00:00,1995000.00,Step into this beautifully designed home located at the end of a cul-de-sac nestled in the hills of Malibu. This peaceful and private oasis is tucked behind a walled courtyard entry and gated driveway,4,2,,bedrooms
126,245 S BURLINGAME AVE,16174500,CLAW,2016-10-25 00:00:00,7350000.00,"Truly a rare opportunity in Brentwood Park, minutes to the Country Mart, this charming Traditional has great scale and flow -- both indoors and out -- and is ideally suited for gracious living and ent",5,3,Built-Ins,bedrooms
128,18326 CLIFFTOP WAY,16174714,CLAW,2016-10-25 00:00:00,16000.00,"Panoramic ocean views from this stunning, modern architectural home designed to perfection! Gorgeous open floor plan with high ceilings and skylights. The grand living room features walls of glass wit",3,2,Microwave,bedrooms
127,235 OCEAN PARK,16174642,CLAW,2016-10-26 00:00:00,2079000.00,"Spectacular 3 bed/3 bath + loft townhome located in the heart of Silicon Beach, Just one block from Main Street, and three blocks from the beach! This FAIA Award winning Michael Folonis creation has a",3,2,RangeOven,bedrooms
198,1121 Hillcroft Road,316010077,ITECH,2016-10-27 12:33:34,1895000.00,"This sensational 1927 Spanish Colonial, revived to perfection, stands proudest among the other notable properties in this most coveted location of Rossmoyne Historic District. Rossmoyne is one of Glen",4,4,,bedrooms
132,609 11TH ST,16175808,CLAW,2016-10-28 00:00:00,3195000.00,"Charming original Spanish style 3 bedroom + 1.75 bath single level home. Approximately 2,266 sq ft on a 50~150 lot with pool and converted garage. Tons of natural light, hardwood floors and original d",3,1,Built-Ins,bedrooms
89,3292 INGLEWOOD,16167486,CLAW,2016-10-29 00:00:00,7750.00,"If you love the magnificence of a great view, this is one of best. King of the Hill panoramic views of Los Angeles and the the mountains beyond. Dramatic architectural home by Escher Gunewardena, loca",4,2,RangeOven,bedrooms
131,5625 W CRESCENT PARK,16175522,CLAW,2016-10-29 00:00:00,799000.00,"Elegant contemporary two bedroom condo at the much sought after Metro in Playa Vista. Located on the 3rd floor, this unit has been impeccably maintained and was recently upgraded. Step into the formal",2,2,Range Hood,bedrooms
201,3263 Orlando Road,316010184,ITECH,2016-10-31 00:00:00,3950.00,"San Marino Schools! Located in a quiet cul de sac, this traditional single story ranch home has 4 bedrooms and 3.5 bath including permitted guest house ( approx.545 sqft) in San Marino school district",4,3,,bedrooms
134,610 N Orlando AVE,16176498,CLAW,2016-11-01 00:00:00,3550.00,"Extensively Remodeled Units for Lease in prime and hip WeHo! Modern designer finishes include French Oak laminate wood flooring throughout, a kitchen complete with stainless steel appliances, Caesarst",2,2,Microwave,bedrooms
124,4746 TOLAND WAY,16174184,CLAW,2016-11-02 00:00:00,768000.00,"Come discover an enchanting brick cottage in the heart of Highland Park. Once you step under the bougainvillea onto the flagstone porch, you'll be smitten. 4746 Toland Way was designed by LA architect",2,1,,bedrooms
202,555 Sierra Madre Boulevard,316010241,ITECH,2016-11-02 11:55:26,2485000.00,"Located in the desirable city of San Marino, near the prestigious Huntington Library, perched up and set back from the street, is this 4 bedrooms 4 baths whimsical traditional. It has been extensively",4,1,Free Standing Gas,bedrooms
107,1227 GRANVILLE AVE,16171784,CLAW,2016-11-03 00:00:00,969000.00,"Spacious two story, top floor condo with 3 bedrooms and 3 bathrooms. Close proximity to the area's best bars and restaurants. Condo has vaulted ceilings, hardwood floors in living room, loft ideal for",3,3,RangeOven,bedrooms
111,1102 GALLOWAY ST,16172836,CLAW,2016-11-03 00:00:00,5985000.00,"A grand union of modern craftsmanship and traditional architecture, this magnificent Cape Cod was conceived by EMMA, the developers responsible for the redesign of Santa Barbara Airport's historic ter",6,8,Built-Ins,bedrooms
135,11435 BIONA DR,16177116,CLAW,2016-11-03 00:00:00,1368000.00,"Beautiful Four Bedroom + Studio home. Located on a Corner Lot. Warm & inviting spacious living room filled w/ character touches such as peg & groove hardwood floors, wood beam ceiling and decorative f",4,1,Oven,bedrooms
139,3850 GLENALBYN DR,16177332,CLAW,2016-11-03 00:00:00,650000.00,Impeccable home!!! Tons of upgrades!!! Remodeled kitchen with stainless steel appliances and granite counter tops. 2-car attached garage. Zoning is possible for backyard expansion. Lots of possibiliti,3,2,Microwave,bedrooms
203,265 West California Boulevard #8,316010261,ITECH,2016-11-03 07:20:11,608000.00,"Fantastic three bedroom townhome located in Cal Ritz-Park complex across from Singer Park. Conveniently located close to Old Town, Rose Parade route, Huntington Hospital. This unit is bright and light",3,1,Cooktop - Gas,bedrooms
204,0 Roselawn,316010267,ITECH,2016-11-03 00:00:00,150000.00,Great Opportunity! Buyer needs to check with City of Glendale and LA County Flood Control for possible specific uses of this property. Plans drawn in 2005 are available for viewing.,0,,,
136,849 S BROADWAY,16177234,CLAW,2016-11-04 00:00:00,2649000.00,"From the unprecedented Penthouse Collection of actor, producer, musician and real estate investor Johnny Depp comes this two story, 2 bedroom/3 bath residence featuring 2,400 square feet of vibrantly-",2,2,Built-Ins,bedrooms
137,849 S BROADWAY,16177260,CLAW,2016-11-04 00:00:00,2750000.00,"From the unprecedented Penthouse Collection of actor, producer, musician and real estate investor Johnny Depp comes this two story, 2 bedroom/3 bath residence situated within Los Angeles's most archit",2,2,Built-Ins,bedrooms
138,849 S BROADWAY,16177272,CLAW,2016-11-04 00:00:00,1999000.00,"From the unprecedented Penthouse Collection of actor, producer, musician and real estate investor Johnny Depp comes this two story, 1 bedroom/2 bath residence sitting atop the landmark Eastern Columbi",1,1,Built-Ins,bedrooms
141,849 S BROADWAY,16177590,CLAW,2016-11-04 00:00:00,1565000.00,"This two bedroom residence located in Downtown L.A.'s landmark Eastern Columbia Building has been completely reimagined by designer/architect Andrea Keller, drawing its design inspiration from Havana,",2,2,Built-Ins,bedrooms
205,766 Elmira Street,316010316,ITECH,2016-11-05 06:16:15,540000.00,"Charming, updated (approx 4 years ago) Spanish-style single family framed by lovely landscaping. Truly move-in ready. Centrally located, close to shopping, with easy freeway access. The remodeled kitc",3,1,Built-In Gas,bedrooms
146,255 MAIN ST,16178870,CLAW,2016-11-09 00:00:00,6495.00,"One of a kind 2 bedroom, 2 bath modern penthouse with loft plus ocean views. This New York style Penthouse has high ceilings, lots of natural light, and a sunken living room with fireplace! The open f",2,2,Built-Ins,bedrooms
208,2079 Skyview Drive,316010451,ITECH,2016-11-09 00:00:00,2175000.00,A dramatic backdrop of the San Gabriel Mountains and mature scenery frames the magnificent setting for this superb Mediterranean revival located in Altadena's premier estate area. Home to a celebrity ,5,5,,bedrooms
129,11730 CHENAULT ST,16174844,CLAW,2016-11-10 00:00:00,3295000.00,"Located in a highly desirable Brentwood location, this delightful Traditional home is filled with charm and character. Flooded with natural light, this home boasts three en-suite bedrooms upstairs, in",4,4,Built-Ins,bedrooms
207,391 West Harriet Street,316010426,ITECH,2016-11-10 00:00:00,650000.00,"Wonderful traditional 3 bedrooms, 2 bathrooms home located in Altadena. Granite counter-tops in the kitchen and baths, newer cabinets throughout. Light and bright living room with fireplace, formal di",3,2,RangeOven,bedrooms
142,1290 OAKWOOD DR,16178020,CLAW,2016-11-11 00:00:00,1188000.00,"Come away to this enchanting cottage in an idyllic, creekside setting to escape the city hustle and relax. Verdant green lawns surround you as you stroll up the stone path to this two bedroom, two bat",2,1,Range Hood,bedrooms
145,1 EASTWIND ST,16178844,CLAW,2016-11-11 00:00:00,3695000.00,"Rising tall over a rare stretch of soft sand in Marina Del Rey, this epic Lorcan O'Herlihy-designed two level penthouse offers nearly 800 square feet of outdoor terrace including a rooftop lounge evoc",3,2,Built-Ins,bedrooms
147,942 VENEZIA AVE,16178966,CLAW,2016-11-11 00:00:00,1795000.00,"Impeccably updated Spanish Modern in the heart of Venice Beach. A tall secluded hedge welcomes you to the grassy front yard and porch. A wide-open floor plan, live edge center island and large grassy ",2,2,Built-Ins,bedrooms
149,330 S BARRINGTON AVE,16179426,CLAW,2016-11-11 00:00:00,749000.00,"2+2 beautifully updated condo, located on the back of the complex and overlooking the park-like wooded area owned by the VA. This is a very idyllic and tranquil location that is convenient to everythi",2,2,Built-Ins,bedrooms
150,5340 DENNY AVE,16179532,CLAW,2016-11-11 00:00:00,1100000.00,"Approved 8-Unit construction project in the NoHo Arts District. The Project is stamped ""Ready-to-Issue"" and ready to go. A stone's throw from everything that the North Hollywood Arts District has to o",0,,,
151,5625 CASE AVE,16179540,CLAW,2016-11-11 00:00:00,1650000.00,"Bring your Developers! This property is perfect for a Small Lot Subdivision. Build 10 Units by Right. The site is made up of two full lots and a bit more for a total of over 16,000 square feet. With t",0,,,
210,27815 Zion Court,316010528,ITECH,2016-11-13 00:00:00,569900.00,Beautiful Hillcrest home for sale with 4 bedrooms (1 downstairs) and 3 baths. Upon entering you will be greeted with a beautiful living room with high ceilings along with dining area. Enjoy entertaini,4,3,Oven,bedrooms
152,2919 GRAYSON AVE,16179602,CLAW,2016-11-14 00:00:00,3986000.00,"Embodying the relaxed casual elegance and privacy of a European-style compound, this exquisitely designed contemporary home on a tree-lined Venice street is the realization of every coastal California",3,1,Built-In BBQ,bedrooms
211,5042 Indianola Way,316010536,ITECH,2016-11-14 00:00:00,2600000.00,"5042 Indianola Way is a one of a kind property, located on a desirable cul-de-sac in La Canada Flintridge, close to Paradise Canyon Elementary and town. This handsome single story traditional home fea",5,4,Built-In BBQ,bedrooms
155,4714 LA VILLA MARINA,16181224,CLAW,2016-11-18 00:00:00,839000.00,"Exquisitely renovated multilevel mid century town home 2 + 2.5 end unit with bonus office/nursery. Open floor plan. Spacious kitchen with stainless steel sink, oven and dishwasher. Cozy secluded patio",2,2,Built-Ins,bedrooms
156,33583 MULHOLLAND HWY,16181228,CLAW,2016-11-18 00:00:00,7488000.00,"Set to awe-inspiring ocean views and soaring sandstone mountain peaks, this striking home, built by world-renowned Architect Ed Niles, affords the rare opportunity to live within the majesty of nature",4,4,Built-In BBQ,bedrooms
212,574 Garfield Avenue,316010634,ITECH,2016-11-18 00:00:00,785000.00,Located in the prestigious and desirable Franciscan Woods. This tri-level townhouse is exceptional in every aspect. The newly built front deck is ideal for relaxing and entertaining with amazing views,2,3,Built-Ins,bedrooms
214,545 Westgate Street,316010702,ITECH,2016-11-18 07:45:06,1025000.00,"ALARM IS ON.Two-story Victorian home with an inviting wraparound porch and lots of character throughout and many nice upgrades including copper plumbing, updated electrical and central air. Large livi",4,1,Built-In Gas,bedrooms
